origin_country,num_aircraft
United States,5158
Canada,406
Australia,289
United Kingdom,273
Ireland,241
Germany,152
Brazil,142
Spain,131
Malta,126
China,110
Mexico,108
Turkey,107
New Zealand,90
Kingdom of the Netherlands,82
Austria,79
Republic of Korea,70
France,68
India,61
Japan,60
Switzerland,52
United Arab Emirates,50
Poland,50
Thailand,45
Singapore,44
Sweden,40
Hungary,40
Portugal,39
Philippines,37
Chile,29
Russian Federation,27
Malaysia,26
Taiwan,26
Norway,26
Viet Nam,24
Belgium,21
Colombia,20
Argentina,19
Panama,19
Luxembourg,18
Egypt,17
Finland,16
Iceland,15
Ethiopia,15
Israel,12
Saudi Arabia,12
Greece,11
Italy,10
Latvia,10
Romania,10
Serbia,10
Morocco,9
Oman,9
Guatemala,8
Uzbekistan,8
Bulgaria,8
Denmark,6
Trinidad and Tobago,6
Czech Republic,6
Qatar,5
Lithuania,5
Ukraine,4
Nigeria,3
Bangladesh,3
Georgia,3
Indonesia,3
Azerbaijan,3
Republic of Moldova,3
Kazakhstan,3
Jordan,2
Sri Lanka,2
Brunei Darussalam,2
Estonia,2
Tunisia,2
South Africa,2
Côte d'Ivoire,1
Iraq,1
Afghanistan,1
Maldives,1
Rwanda,1
Algeria,1
Angola,1
San Marino,1
Ecuador,1
Bahamas,1
Kuwait,1
Bolivia,1
Turkmenistan,1
Montenegro,1
Libyan Arab Jamahiriya,1
Kenya,1
Antigua and Barbuda,1
Solomon Islands,1
Bahrain,1
Pakistan,1
Mauritius,1
Syrian Arab Republic,1
