icao24,callsign,origin_country,time_position,last_contact,longitude,latitude,baro_altitude,on_ground,velocity
010249,SVI3655,Egypt,,1773611145,,,6400.8,False,508.13
8881de,VJC896,Viet Nam,,1773611142,,,11887.2,False,451.48
4d0101,CLX209,Luxembourg,1773611144.0,1773611144,-110.2673,52.8091,10058.4,False,335.3
4d010b,ICV81L,Luxembourg,1773611144.0,1773611144,-106.3323,42.3745,10058.4,False,330.74
8990e1,EVA036,Taiwan,1773611145.0,1773611145,-120.1233,56.0891,10668.0,False,320.43
a4fc8c,N420KM,United States,1773611144.0,1773611144,-112.536,36.3174,10058.4,False,317.35
a62ee6,GTI8373,United States,1773611145.0,1773611145,-114.6153,50.8021,10058.4,False,316.9
8990e6,EVA032,Taiwan,1773610980.0,1773610983,-118.9086,55.7684,10058.4,False,316.37
71c517,,Republic of Korea,1773611117.0,1773611117,-121.6428,57.5848,11277.6,False,314.66
ab3fc4,AAL128,United States,1773611145.0,1773611145,-117.7874,44.6877,11269.98,False,313.0
